PZN;PRICE;URL
01319991;45.95;https://www.loewen-apotheke24.com/de/shop/angebot/orthomol-immun-trinflaeschchen-30/
01319850;49.50;https://www.loewen-apotheke24.com/de/shop/angebot/orthomol-vital-m-trinkflaschen-tabletten-30-st/
01319689;49.50;https://www.loewen-apotheke24.com/de/shop/orthomol/orthomol-vital-f-trinkflaschen-tabletten-30-st/
13886293;60.50;https://www.loewen-apotheke24.com/de/shop/orthomol/orthomol-immun-pro-granulat/
01319838;49.50;https://www.loewen-apotheke24.com/de/shop/orthomol/orthomol-vital-m-granulat-kapsel-30-st/			
01319962;44.50;https://www.loewen-apotheke24.com/de/shop/orthomol/orthomol-immun-granulat-kapseln-30-st/
02943852;49.50;https://www.loewen-apotheke24.com/de/shop/angebot/orthomol-sport-trinkflaeschchen-30-st/
13886293;60.50;https://www.loewen-apotheke24.com/de/shop/orthomol/orthomol-immun-pro-granulat/
01319838;44.50;https://www.loewen-apotheke24.com/de/shop/orthomol/orthomol-vital-m-granulat-kapsel-30-st/
01319778;44.50;https://www.loewen-apotheke24.com/de/shop/angebot/orthomol-vital-n-tabletten-kapseln-30-st/
01319620;44.50;https://www.loewen-apotheke24.com/de/shop/angebot/orthomol-vital-f-tabletten-30-st/
01319643;44.50;https://www.loewen-apotheke24.com/de/shop/marke/orthomol-vital-f-granulat-kapsel-30-st/
12485959;9.25;https://www.loewen-apotheke24.com/de/shop/angebot/blue-m-zahncreme-implant-care-75ml/
13228041;13.95;https://www.loewen-apotheke24.com/de/shop/angebot/blue-m-mundschaum-100ml/
12485913;16.50;https://www.loewen-apotheke24.com/de/shop/angebot/blue-m-mundgel-implant-care-15ml/
12485936;18.90;https://www.loewen-apotheke24.com/de/shop/angebot/blue-m-sauerstoff-fluid-500ml/
12485971;9.25;https://www.loewen-apotheke24.com/de/shop/angebot/blue-m-zahncreme-mit-fluorid-75ml/
88628275;46.95;https://www.loewen-apotheke24.com/de/shop/angebot/blue-m-nahrungsergaenzung-fuer-zaehne-knochen-90-kapseln/
88628276;4.20;https://www.loewen-apotheke24.com/de/shop/angebot/blue-m-zahnpflegekaugummi-10-stueck/
12485942;11.34;https://www.loewen-apotheke24.com/de/shop/angebot/blue-m-mundspuelung-implant-care/
12486002;4.64;https://www.loewen-apotheke24.com/de/shop/angebot/blue-m-mundspray-15ml/
04871306;9.57;https://www.loewen-apotheke24.com/de/shop/heel/engystol-tabletten-50-04871306-en/
16876295;89.95;https://www.loewen-apotheke24.com/de/shop/natugena/hanf-aromaextrakt-procuma-20/
16876289;59.95;https://www.loewen-apotheke24.com/de/shop/natugena/hanf-aromaextrakt-gold-10/
07608420;27.74;https://www.loewen-apotheke24.com/de/shop/eucerin/eucerin-hyaluron-filler-nachtpflege-50ml/
08628270;18.17;https://www.loewen-apotheke24.com/de/shop/angebot/voltaren-schmerzgel-forte-150g-08628270/
01853561;64.36;https://www.loewen-apotheke24.com/de/shop/angebot/vitasprint-b12-trinkflaeschchen-30-st/
03379106;130.02;https://www.loewen-apotheke24.com/de/shop/schwabe/tebonin-intens-120-mg/
13167925;26.42;https://www.loewen-apotheke24.com/de/shop/eucerin/eucerin-hyaluron-filler-tagespflege-fuer-normale-haut-bis-mischhaut-50ml/
01005100;20.67;https://www.loewen-apotheke24.com/de/shop/pekana/delima-kapseln-60-st/
10399687;10.40;https://www.loewen-apotheke24.com/de/shop/marke/bach-original-bachblueten-rescue-night-af-tropfen-10ml/
10847660;12.50;https://www.loewen-apotheke24.com/de/shop/marke/bach-original-bachblueten-rescue-pearls-28-st/
01843551;23.82;https://www.loewen-apotheke24.com/de/shop/marke/vitasprint-b-12-trinkflaeschchen-10-st/
00458532;10.78;https://www.loewen-apotheke24.com/de/shop/angebot/voltaren-schmerzgel-150g/
00927263;6.81;https://www.loewen-apotheke24.com/de/shop/angebot/voltaren-dolo-25mg-tabletten-20-st/ 
01292358;11.59;https://www.loewen-apotheke24.com/de/shop/heel/traumeel-s-creme-01292358-en/
01288865;6.52;https://www.loewen-apotheke24.com/de/shop/heel/traumeel-s-creme-50g-01288865-en/
00433294;9.57;https://www.loewen-apotheke24.com/de/shop/heel/gripp-heel-tabletten-50/
00433302;31.20;https://www.loewen-apotheke24.com/de/shop/marke/gripp-heel-tabletten-250-st/
04871312;39.40;https://www.loewen-apotheke24.com/de/shop/marke/engystol_tabletten_250-04871312-en/
10526223;10.95;https://www.loewen-apotheke24.com/de/shop/vitorgan/innovapharm-akut-tropfen-15ml-10526223-en/
11669918;11.96;https://www.loewen-apotheke24.com/de/shop/vitorgan/conisan-n-augentropfen-11669918-en/
09542406;46.26;https://www.loewen-apotheke24.com/de/shop/vitorgan/regena-neygeront-plus-kapseln-60-st/
00581310;12.14;https://www.loewen-apotheke24.com/de/shop/loewen-apotheke/pascorbin-injektions-75g50ml/
16878383;9.98;https://www.loewen-apotheke24.com/de/shop/linola/linola-sept-mund-und-rachenspuelung/
6486682;44.20;https://www.loewen-apotheke24.com/de/shop/vitorgan/neydil-nr-27-d7-ampullen-5x2ml-6486682-en/
6486860;44.20;https://www.loewen-apotheke24.com/de/shop/vitorgan/neyathos-nr-43-d7-ampullen-5x2ml/
06487871;45.55;https://www.loewen-apotheke24.com/de/shop/vitorgan/neydil-nr-5-d4-pro-vet-ampullen-5x2ml-06487871-en/
13421223;23.95;https://www.loewen-apotheke24.com/de/shop/vitorgan/neyvit-nr-66-zellkraft-tabletten-60st-en/
6487581;44.20;https://www.loewen-apotheke24.com/de/shop/vitorgan/neycal-nr-98-d7-ampullen-5x2ml-6487581-en/
6486529;38,50;https://www.loewen-apotheke24.com/de/shop/vitorgan/neydil-nr-13-d7-ampullen-5x2ml/
3514308;46,30;https://www.loewen-apotheke24.com/de/shop/vitorgan/neythymun-nr-29-fk-st-ii-ampullen-5x2ml-03514308-en/
6488020;40.90;https://www.loewen-apotheke24.com/de/shop/vitorgan/neydil-nr68-d4-pro-vet-ampullen-5x2ml/
6486386;38.75;https://www.loewen-apotheke24.com/de/shop/vitorgan/neydil-nr-1-d7-ampullen-5x2ml/
6486742;42.80;https://www.loewen-apotheke24.com/de/shop/vitorgan/neydil-nr-30-d7-ampullen-5x2ml/
10526246;10.95;https://www.loewen-apotheke24.com/de/shop/vitorgan/innovapharm-etropfen-15ml/
09542406;46,26;https://www.loewen-apotheke24.com/de/shop/vitorgan/regena-neygeront-plus-kapseln-60-st/
07193427;22.15;https://www.loewen-apotheke24.com/de/shop/vitorgan/neyskin-cutana-cream-m-coenzym-q10-50ml/
07146422;25.45;https://www.loewen-apotheke24.com/de/shop/vitorgan/neyskin-night-cream-m-coenzym-q10-50ml/
07146416;21.21;https://www.loewen-apotheke24.com/de/shop/vitorgan/neyskin-day-cream-m-coenzym-q-50ml/
06925839;30.15;https://www.loewen-apotheke24.com/de/shop/vitorgan/neydin-f-kosmetische-hautsalbe-50ml/
06925822;30.50;https://www.loewen-apotheke24.com/de/shop/vitorgan/neydin-m-kosmetische-hautsalbe-50ml/
01490549;5.82;https://www.loewen-apotheke24.com/de/shop/vitorgan/neydent-zahncreme-50ml-1490549-en/
01420431;17.98;https://www.loewen-apotheke24.com/de/shop/vitorgan/neyparadent-liposome-mundtropfen-15ml/
01420678;46.77;https://www.loewen-apotheke24.com/de/shop/vitorgan/neyparadent-liposome-mundtropfen-3x15ml/
06486386;38.75;https://www.loewen-apotheke24.com/de/shop/vitorgan/neydil-nr-1-d7-ampullen-5x2ml/
06486446;44.20;https://www.loewen-apotheke24.com/de/shop/vitorgan/neycorenar-nr-6-d7-ampullen-5x2ml/
06486417;44.20;https://www.loewen-apotheke24.com/de/shop/vitorgan/neydil-nr-4-d7-ampullen-5x2ml/
06486392;44.20;https://www.loewen-apotheke24.com/de/shop/vitorgan/neydil-nr-2-d7-ampullen-5x2ml/
06486400;44.18;https://www.loewen-apotheke24.com/de/shop/vitorgan/neydil-nr-3-d7-ampullen-5x2ml/
06486475;44.18;https://www.loewen-apotheke24.com/de/shop/vitorgan/neysplen-nr-8-d7-ampullen-5x2ml/
06486498;44.20;https://www.loewen-apotheke24.com/de/shop/vitorgan/neypul-nr-10-d7-ampullen-5x2ml-06486498-en-2/
06486506;44.18;https://www.loewen-apotheke24.com/de/shop/vitorgan/neyrapid-nr-11-d7-ampullen-5x2ml/
06486512;45.55;https://www.loewen-apotheke24.com/de/shop/vitorgan/neydil-nr-12-d7-ampullen-5x2ml/
06486535;44.20;https://www.loewen-apotheke24.com/de/shop/vitorgan/neyfermin-nr-14-d7-ampullen-5x2ml/
06486529;38.75;https://www.loewen-apotheke24.com/de/shop/vitorgan/neydil-nr-13-d7-ampullen-5x2ml/
06486541;44.20;https://www.loewen-apotheke24.com/de/shop/vitorgan/neydil-nr-15-d7-ampullen-5x2ml/
06486558;44.20;https://www.loewen-apotheke24.com/de/shop/vitorgan/neytest-nr-16-d7-ampullen-5x2ml-06486558/
06486593;44.20;https://www.loewen-apotheke24.com/de/shop/vitorgan/deutsch-neydil-nr-20-d7-ampullen-5x2ml/
06486653;44.20;https://www.loewen-apotheke24.com/de/shop/vitorgan/neydil-nr-26-d7-ampullen-5x2ml/
06486682;44.20;https://www.loewen-apotheke24.com/de/shop/vitorgan/neydil-nr-27-d7-ampullen-5x2ml-6486682-en/
06486771;44.20;https://www.loewen-apotheke24.com/de/shop/vitorgan/neydil-nr-33-d7-ampullen-5x2ml/
09542406;46.24;https://www.loewen-apotheke24.com/de/shop/vitorgan/regena-neygeront-plus-kapseln-60-st/
09542412;10.95;https://www.loewen-apotheke24.com/de/shop/vitorgan/innovapharm-akut-tropfen-15ml/
10526246;10.95;https://www.loewen-apotheke24.com/de/shop/vitorgan/innovapharm-etropfen-15ml/
10526223;10.95;https://www.loewen-apotheke24.com/de/shop/vitorgan/innovapharm-akut-tropfen-15ml-10526223-en/
06487204;49.78;https://www.loewen-apotheke24.com/de/shop/vitorgan/deutsch-neygero-nr-64-d7-ampullen-5x2ml-06487204/
06318861;9.20;https://www.loewen-apotheke24.com/de/shop/pflueger/biochemie-pflueger-3-ferrum-phosphoricum-d12-tabletten-400st-06318861-en/
06323402;9.44;https://www.loewen-apotheke24.com/de/shop/pflueger/biochemie-pflueger-7-magnesium-phosphoricum-d6-pulver-100g/
01953038;9.83;https://www.loewen-apotheke24.com/de/shop/pekana/neureg-spag-peka-mischung-150ml/
02672413;18.14;https://www.loewen-apotheke24.com/de/shop/pekana/relix-spag-peka-tropfen-100ml/
03796198;17.14;https://www.loewen-apotheke24.com/de/shop/pekana/hechocur-spag-peka-n-tropfen-100ml/
03796353;17.00;https://www.loewen-apotheke24.com/de/shop/pekana/itires-spag-peka-n-tropfen-100ml/
02738796;17.00;https://www.loewen-apotheke24.com/de/shop/pekana/to-ex-spag-peka-nglobuli-10g/
01005100;26.67;https://www.loewen-apotheke24.com/de/shop/pekana/delima-kapseln-60-st/
01219864;20.78;https://www.loewen-apotheke24.com/de/shop/heel/solidago-compositum-vet-ampullen-10st-01219864-en/
00815009;25.29;https://www.loewen-apotheke24.com/de/shop/heel/placentasuis-injeel-ampullen-00815009-en/
01808690;123.91;https://www.loewen-apotheke24.com/de/shop/heel/tonico-injeel-n-ampullen-100st-01808690-en/
00059476;19.69;https://www.loewen-apotheke24.com/de/shop/heel/apis-homaccord-ampullen-10-st-00059476-en/
00277842;89.30;https://www.loewen-apotheke24.com/de/shop/heel/zeel-comp-n-ampullen-00277842-en/
01674686;16.81;https://www.loewen-apotheke24.com/de/shop/heel/lymphomyosot-n-ampullen-10st-01674686-en/
04313575;22.07;https://www.loewen-apotheke24.com/de/shop/heel/mucosa-compositum-ampullen-10st-04313575-en/
01674551;9.92;https://www.loewen-apotheke24.com/de/shop/heel/lymphomyosot-n-tropfen-30ml-01674551-en/
01674634;23.73;https://www.loewen-apotheke24.com/de/shop/heel/lymphomyosot-n-tropfen-100ml-01674634-en/
01230044;6.78;https://www.loewen-apotheke24.com/de/shop/heel/euphorbium-compositum-nasentropfen-sn-01230044-en/
01288865;6.52;https://www.loewen-apotheke24.com/de/shop/heel/traumeel-s-creme-50g-01288865-en/
01292358;11.59;https://www.loewen-apotheke24.com/de/shop/heel/traumeel-s-creme-01292358-en/
07253425;13.99;https://www.loewen-apotheke24.com/de/shop/marke/bach-original-bachblueten-rescue-tropfen-af-20ml-07253425/
16391824;10.12;https://www.loewen-apotheke24.com/de/shop/marke/bach-original-bachblueten-rescue-creme-30g-06682957-en/
05480482;10.40;https://www.loewen-apotheke24.com/de/shop/marke/bach-original-bachblueten-rescue-kids-tropfen-10ml-05480482-en/
16391882;14.40;https://www.loewen-apotheke24.com/de/shop/marke/bach-original-bachblueten-rescue-night-perlen-28-st-16391882/
05480507;10.40;https://www.loewen-apotheke24.com/de/shop/marke/bach-original-bachblueten-rescue-pets-tropfen-10ml-05480507/
16391913;14.28;https://www.loewen-apotheke24.com/de/shop/marke/bach-original-bachblueten-rescue-spray-20ml-10399701-en/
10399687;10.40;https://www.loewen-apotheke24.com/de/shop/marke/bach-original-bachblueten-rescue-night-af-tropfen-10ml/
16391787;10.40;https://www.loewen-apotheke24.com/de/shop/marke/bach-original-bachblueten-rescue-night-af-tropfen-20ml-16391787-en/
07253603;14.40;https://www.loewen-apotheke24.com/de/shop/marke/bach-original-bachblueten-rescue-night-af-spray-20ml-07253603-en/
10847660;13.99;https://www.loewen-apotheke24.com/de/shop/marke/bach-original-bachblueten-rescue-pearls-28-st-en/
02943852;49.50;https://www.loewen-apotheke24.com/de/shop/angebot/orthomol-sport-trinkflaeschchen-30-st/
01578847;12.95;https://www.loewen-apotheke24.com/de/shop/angebot/bepanthen-wund-und-heilsalbe-100g-01578847/
07682356;46,00;https://www.loewen-apotheke24.com/de/shop/schwabe/tebonin-intens-120-mg-filmtabletten-60-st/
16151764;43.50;https://www.loewen-apotheke24.com/de/shop/schwabe/prostagutt-duo-160-120mg-kapseln-120-pzn-016151764/
03532861;64.90;https://www.loewen-apotheke24.com/de/shop/schwabe/prostagutt-duo-160-120mg-kapseln-200-stueck/
16151770;64.90;https://www.loewen-apotheke24.com/en/shop/schwabe/prostagutt-duo-160-120mg-kapseln-200-stueck/
03799133;6.69;https://www.loewen-apotheke24.com/de/shop/marke/jodid-200-tabletten-merck/
12579962;9.70;https://www.loewen-apotheke24.com/de/shop/angebot/algovir-kinder-erkaeltungsspray/
12579956;13.10;https://www.loewen-apotheke24.com/de/shop/angebot/algovir-erkaeltungsspray/
17365177;2.95;https://www.loewen-apotheke24.com/de/shop/angebot/hotgen-antigen-schnelltest-fuer-laien-coronavirus-sars-cov-2-10/
16910394;169.00;https://www.loewen-apotheke24.com/de/shop/vorteilsangebote/clinitest-rapid-covid-19-self-test-siemens/
16955623;169.00;https://www.loewen-apotheke24.com/de/shop/vorteilsangebote/clinitest-rapid-covid-19-self-test-siemens/
01126111;3.15;https://www.loewen-apotheke24.com/de/shop/marke/paracetamol-ratiopharm-500-mg-01126111/
17386452;39.95;https://www.loewen-apotheke24.com/de/shop/angebot/roche-antigen-schnellttest-fuer-laien-sars-cov-2-5/
08018614;247.00;https://www.loewen-apotheke24.com/de/shop/vorteilsangebote/roche-antigen-selbsttest-fuer-laien-sars-cov-2-25x/
17296039;2.49;https://www.loewen-apotheke24.com/de/shop/angebot/acura-speicheltest-sars-cov-2-corona-antigen-spucktest-12-stk/
01062049;19.90;https://www.loewen-apotheke24.com/de/shop/schwabe/umckaloabo-fluessig-50-ml/
10019621;9.50;https://www.loewen-apotheke24.com/de/shop/marke/ibu-ratiopharm-ibuprofen-400-mg-akut-schmerztabletten-10019621/
09703312;8.50;https://www.loewen-apotheke24.com/de/shop/angebot/hydrocortison-ratiopharm-05-30g-09703312/
17313157;39.95;https://www.loewen-apotheke24.com/de/shop/marke/clinitest-rapid-covid-19-self-test-siemens-5-stk/
17364491;2.95;https://www.loewen-apotheke24.com/en/shop/angebot/hotgen-antigen-schnelltest-fuer-laien-coronavirus-sars-cov-2-10/
8786460;8.73;https://www.loewen-apotheke24.com/shop/wala-arzneimittel/lien-comp-globuli-velati-20g/
8786419;8.73;https://www.loewen-apotheke24.com/shop/wala-arzneimittel/levico-comp-globuli-velati-20g/
8784923;8.73;https://www.loewen-apotheke24.com/shop/wala-arzneimittel/cartilago-comp-globuli-velati-20g/
8783786;8.73;https://www.loewen-apotheke24.com/shop/wala-arzneimittel/arnica-e-planta-tota-d6-globuli-velati-20g/
8783295;8.73;https://www.loewen-apotheke24.com/shop/wala-arzneimittel/aconitum-comp-globuli-velati-20g/
2829441;31.09;https://www.loewen-apotheke24.com/shop/wala-arzneimittel/thymus-glandula-gl-d4-ampullen-10-st/
2829487;31.09;https://www.loewen-apotheke24.com/shop/wala-arzneimittel/mesenchym-gl-d4-ampullen-10-st/
2830970;17.04;https://www.loewen-apotheke24.com/shop/wala-arzneimittel/cutis-feti-gl-d4-ampullen-10-st/
2085124;50.31;https://www.loewen-apotheke24.com/shop/wala-arzneimittel/betula-arnica-comp-ampullen-50-st/
2085331;50.31;https://www.loewen-apotheke24.com/shop/wala-arzneimittel/cartilago-mandragora-comp-ampullen-50-st/
2087028;50.31;https://www.loewen-apotheke24.com/shop/wala-arzneimittel/thyreoidea-comp-ampullen-50-st/
02198466;7.10;https://www.loewen-apotheke24.com/shop/wala-arzneimittel/plantago-bronchialbalsam-30g/
2198472;15.92;https://www.loewen-apotheke24.com/shop/wala-arzneimittel/plantago-bronchialbalsam-100g/
1448458;7.92;https://www.loewen-apotheke24.com/shop/wala-arzneimittel/quercus-salbe-30g/
1448346;7.92;https://www.loewen-apotheke24.com/shop/wala-arzneimittel/mercurialis-salbe-30g/
1448004;7.61;https://www.loewen-apotheke24.com/shop/wala-arzneimittel/carum-carvi-kinderzaepfchen-10-st/
01448174;4.72;https://www.loewen-apotheke24.com/shop/wala-arzneimittel/euphrasia-augentropfen-5x05ml/
06816435;7.92;https://www.loewen-apotheke24.com/shop/wala-arzneimittel/euphrasia-augentropfen-10x05ml/
01448168;14.02;https://www.loewen-apotheke24.com/shop/wala-arzneimittel/euphrasia-augentropfen-30x05ml/
1448547;7.10;https://www.loewen-apotheke24.com/shop/wala-arzneimittel/rosatum-heilsalbe-30g/
1119022;7.92;https://www.loewen-apotheke24.com/shop/wala-arzneimittel/bitter-elixier-180ml/
1119967;8.48;https://www.loewen-apotheke24.com/shop/wala-arzneimittel/passiflora-nerventonikum-90ml/
1753730;11.59;https://www.loewen-apotheke24.com/shop/wala-arzneimittel/hypericum-ex-herba-5-oleum-100ml/
1753753;11.59;https://www.loewen-apotheke24.com/shop/wala-arzneimittel/melissen-oel-100ml/
3359807;17.04;https://www.loewen-apotheke24.com/shop/wala-arzneimittel/cerebellum-gl-d30-ampullen-10-st/
3359581;17.04;https://www.loewen-apotheke24.com/shop/wala-arzneimittel/bindegewebe-gl-d8-ampullen-10-st/
3357234;17.04;https://www.loewen-apotheke24.com/shop/wala-arzneimittel/glandula-thyreoidea-gl-d5-ampullen-10-st/
3357197;17.04;https://www.loewen-apotheke24.com/shop/wala-arzneimittel/glandula-supraren-cort-gl-d15-ampullen-10-st/
3357079;17.04;https://www.loewen-apotheke24.com/shop/wala-arzneimittel/funiculus-umbilicalis-gl-d5-ampullen-10-st/
3356855;12.83;https://www.loewen-apotheke24.com/shop/wala-arzneimittel/hepar-gl-d8-ampullen-10-st/
3356714;17.04;https://www.loewen-apotheke24.com/shop/wala-arzneimittel/medulla-oblongata-ven-qu-gl-d12-ampullen-10-st/
3355206;17.04;https://www.loewen-apotheke24.com/shop/wala-arzneimittel/nervus-opticus-gl-d5-ampullen-10-st/
3354951;17.04;https://www.loewen-apotheke24.com/shop/wala-arzneimittel/pancreas-gl-d15-ampullen-10-st/
3353331;12.83;https://www.loewen-apotheke24.com/shop/wala-arzneimittel/placenta-bovis-gl-d5-ampullen-10-st/
06318737;9.20;https://www.loewen-apotheke24.com/shop/pflueger/biochemie-pflueger-1-calcium-fluoratum-d12-tabletten-100-st-2/
06323684;17.12;https://www.loewen-apotheke24.com/shop/pflueger/biochemie-pflueger-1-calcium-fluoratum-d12-tropfen-100ml/
05992667;8.88;https://www.loewen-apotheke24.com/shop/pflueger/biochemie-pflueger-1-calcium-fluoratum-d12-creme-75g/
06323709;8.09;https://www.loewen-apotheke24.com/shop/pflueger/biochemie-pflueger-2-calcium-phosphoricum-d6-tropfen-30ml/
06318832;2.89;https://www.loewen-apotheke24.com/shop/pflueger/biochemie-pflueger-3-ferrum-phosphoricum-d12-tabletten-100st-06318832-en/
06318861;9.20;https://www.loewen-apotheke24.com/shop/pflueger/biochemie-pflueger-3-ferrum-phosphoricum-d12-tabletten-400st-06318861-en/
06323833;8.09;https://www.loewen-apotheke24.com/shop/pflueger/biochemie-pflueger-3-ferrum-phosphoricum-d12-tropfen-30ml-en/
05992727;7.46;https://www.loewen-apotheke24.com/shop/pflueger/biochemie-pflueger-4-kalium-chloratum-d6-creme-75g-05992727-en/
06324092;8.09;https://www.loewen-apotheke24.com/shop/pflueger/biochemie-pflueger-4-kalium-chloratum-d6-tropfen-30ml/
06324436;17.12;https://www.loewen-apotheke24.com/shop/pflueger/biochemie-pflueger-4-kalium-chloratum-d6-tropfen-100ml/
06318915;9.20;https://www.loewen-apotheke24.com/shop/pflueger/biochemie-pflueger-4-kalium-chloratum-d6-tabletten-400st-06318915-en/
06318909;2.89;https://www.loewen-apotheke24.com/shop/pflueger/biochemie-pflueger-4-kalium-chloratum-d6-tabletten-100st-06318909-en/
06319180;2.89;https://www.loewen-apotheke24.com/shop/pflueger/biochemie-pflueger-5-kalium-phosphopricum-d6-tabletten-100st-06324459-en/
6324442;8.09;https://www.loewen-apotheke24.com/shop/pflueger/biochemie-pflueger-5-kalium-phosphopricum-d6-tropfen-30ml/
05992756;7.46;https://www.loewen-apotheke24.com/shop/pflueger/biochemie-pflueger-6-kalium-sulfuricum-d6-creme-75ml-05992756-en/
6319286;2.89;https://www.loewen-apotheke24.com/shop/pflueger/biochemie-pflueger-6-kalium-sulfuricum-d6-tabletten-100st-06319286-en/
06319323;2.89;https://www.loewen-apotheke24.com/shop/pflueger/biochemiepflueger-7-magnesium-phosphoricum-d6-tabletten-100st-06319323-en/
06319346;9.20;https://www.loewen-apotheke24.com/shop/pflueger/biochemie-pflueger-7-magnesium-phosphoricum-d6-tabletten-400st-06319346-en/
06324519;8.09;https://www.loewen-apotheke24.com/shop/pflueger/biochemie-pflueger-7-magnesium-phosphoricum-d6-tropfen-30ml-06324519-en/
06324525;17.12;https://www.loewen-apotheke24.com/shop/pflueger/biochemie-pflueger-7-magnesium-phosphoricum-d6-tropfen-100ml/
06319381;9.20;https://www.loewen-apotheke24.com/shop/pflueger/biochemie-pflueger-8-natrium-chloratum-d6-tabletten-400-st/
06319636;2.89;https://www.loewen-apotheke24.com/shop/pflueger/biochemie-pflueger-9-natrium-phosphoricum-d6-tabletten-100st-06319636-en/
06324672;17.12;https://www.loewen-apotheke24.com/shop/pflueger/biochemie-pflueger-9-natrium-phosphoricum-d6-tropfen-100ml/
05992791;7.46;https://www.loewen-apotheke24.com/shop/pflueger/biochemie-pflueger-9-natrium-phosphoricum-d6-creme-75g-05992791-en/
06324749;17.12;https://www.loewen-apotheke24.com/shop/pflueger/biochemie-pflueger-10-natrium-sulfuricum-d6-tropfen-100ml/
06324732;8.09;https://www.loewen-apotheke24.com/shop/pflueger/biochemie-pflueger-10-natrium-sulfuricum-d6-tropfen-30ml/
06319688;9.20;https://www.loewen-apotheke24.com/shop/pflueger/biochemie-pflueger-10-natrium-sulfuricum-d6-tabletten-400st-06319688-en/
05992822;7.46;https://www.loewen-apotheke24.com/shop/pflueger/biochemie-pflueger-11-silicea-d12-creme-75g/
06320740;9.20;https://www.loewen-apotheke24.com/shop/pflueger/biochemie-pflueger-12-calcium-sulfuricum-d6-tabletten-400st-06320740-en/
9298478;8.09;https://www.loewen-apotheke24.com/shop/pflueger/biochemie-pflueger-13-kalium-arsenicosum-d6-tropfen-30ml/
9298484;8.09;https://www.loewen-apotheke24.com/shop/pflueger/biochemie-pflueger-14-kalium-bromatum-d6-tropfen-30ml/
9298610;8.09;https://www.loewen-apotheke24.com/shop/pflueger/biochemie-pflueger-18-calcium-sulfuricum-d6-tropfen-30ml/
6322578;9.20;https://www.loewen-apotheke24.com/shop/pflueger/biochemie-pflueger-19-curprum-arsenicosum-d6-tabletten-400-st/
6322561;2.89;https://www.loewen-apotheke24.com/shop/pflueger/biochemie-pflueger-19-cuprum-arsenicosum-d6-tabletten-100st-06322561-en/
9298627;8.09;https://www.loewen-apotheke24.com/shop/pflueger/biochemie-pflueger-19-curprum-arsenicosum-d6-tropfen-30ml/
6322650;9.20;https://www.loewen-apotheke24.com/shop/pflueger/biochemie-pflueger-20-kalium-aluminium-sulfuricum-d6-tabletten-400-st/
6322756;9.20;https://www.loewen-apotheke24.com/shop/pflueger/biochemie-pflueger-21-zincum-chloratum-d6-tabletten-400st-en/
9298685;8.09;https://www.loewen-apotheke24.com/shop/pflueger/biochemie-pflueger-21-zincum-chloratum-d6-tropfen-30ml/
9298691;8.09;https://www.loewen-apotheke24.com/shop/pflueger/biochemie-pflueger-22-calcium-carbonicum-d6-tropfen-30ml/
6322839;9.20;https://www.loewen-apotheke24.com/shop/pflueger/biochemie-pflueger-22-calcium-carbonicum-d6-tabletten-400-st/
6322851;9.20;https://www.loewen-apotheke24.com/shop/pflueger/biochemie-pflueger-23-natrium-bicarbonicum-d6-tabletten-400-st/
9298716;8.09;https://www.loewen-apotheke24.com/shop/pflueger/biochemie-pflueger-23-natrium-bicarbonicum-d6-tropfen-30ml/
9298739;8.09;https://www.loewen-apotheke24.com/shop/pflueger/biochemie-pflueger-24-arsenum-jodatum-d6-tropfen-30ml/
6323098;9.20;https://www.loewen-apotheke24.com/shop/pflueger/biochemie-pflueger-24-arsenum-jodatum-d6-tabletten-400-st/
05919245;9.20;https://www.loewen-apotheke24.com/shop/pflueger/biochemie-pflueger-25-aurum-chloratum-natronatum-d6-tabletten-400st-05919245-en/
9298751;8.09;https://www.loewen-apotheke24.com/shop/pflueger/biochemie-pflueger-25-aurum-chloratum-natronatum-d6-tropfen-30ml/
9298768;8.09;https://www.loewen-apotheke24.com/shop/pflueger/biochemie-pflueger-26-selenium-d6-tropfen-30ml/
05919251;9.20;https://www.loewen-apotheke24.com/shop/pflueger/biochemie-pflueger-26-selenium-d6-tabletten-400-st/
6323106;2.89;https://www.loewen-apotheke24.com/shop/pflueger/biochemie-pflueger-26-selenium-d6-tabletten-100-st/
09298774;8.09;https://www.loewen-apotheke24.com/shop/pflueger/biochemie-pflueger-27-kalium-bichromicum-d6-tropfen-30ml/
05919268;9.20;https://www.loewen-apotheke24.com/shop/pflueger/biochemie-pflueger-27-kalium-bichromicum-d6-tabletten-400st-05919268-en/
05919274;2.89;https://www.loewen-apotheke24.com/shop/pflueger/biochemie-pflueger-27-kalium-bichromicum-d6-tabletten-100-st/
6323112;9.44;https://www.loewen-apotheke24.com/shop/pflueger/biochemie-pflueger-1-calcium-phosphoricum-d12-pulver-100g/
6323247;9.44;https://www.loewen-apotheke24.com/shop/pflueger/biochemie-pflueger-2-calcium-phosphorisum-d6-powder-100g/
6323336;9.44;https://www.loewen-apotheke24.com/shop/pflueger/biochemie-pflueger-3-ferrum-phosphoricum-d12-pulver-100g/
6323371;9.44;https://www.loewen-apotheke24.com/shop/pflueger/biochemie-pflueger-4-kalium-chloratum-d6-pulver-100g/
6323388;9.44;https://www.loewen-apotheke24.com/shop/pflueger/biochemie-pflueger-5-kalium-phosphoricum-d6-pulver-100g/
6323394;9.44;https://www.loewen-apotheke24.com/shop/pflueger/biochemie-pflueger-6-kalium-sulfuricum-d6-pulver-100g/
6323402;9.44;https://www.loewen-apotheke24.com/shop/pflueger/biochemie-pflueger-7-magnesium-phosphoricum-d6-pulver-100g/
6323419;9.44;https://www.loewen-apotheke24.com/shop/pflueger/biochemie-pflueger-8-natrium-chloratum-d6-pulver-100g/
6323431;9.44;https://www.loewen-apotheke24.com/shop/pflueger/biochemie-pflueger-9-natrium-phosphoricum-d6-pulver-100g/
6323448;9.44;https://www.loewen-apotheke24.com/shop/pflueger/biochemie-pflueger-10-natrium-sulfuricum-d6-powder-100g-06323448-en/
6323454;9.44;https://www.loewen-apotheke24.com/shop/pflueger/biochemie-pflueger-2-calcium-phosphoricum-d6-powder-100g-en/
6323537;9.44;https://www.loewen-apotheke24.com/shop/pflueger/biochemie-pflueger-12-calcium-sulfuricum-d6-pulver-100g-en/
03796206;11.71;https://www.loewen-apotheke24.com/shop/pekana/adoem-spag-peka-n-tropfen-50ml/
03796212;18.14;https://www.loewen-apotheke24.com/shop/pekana/adoem-spag-peka-n-tropfen-100ml/
04263245;11.71;https://www.loewen-apotheke24.com/shop/pekana/adol-spag-peka-n-tropfen-50ml/
04263239;18.14;https://www.loewen-apotheke24.com/shop/pekana/adol-spag-peka-n-tropfen-100ml/
07155912;11.71;https://www.loewen-apotheke24.com/shop/pekana/ailgeno-spag-peka-tropfen-50ml/
07155929;18.14;https://www.loewen-apotheke24.com/shop/pekana/ailgeno-spag-peka-drops-100ml/
03821602;11.71;https://www.loewen-apotheke24.com/shop/pekana/akutur-spag-peka-tropfen-50-ml/
03821619;18.14;https://www.loewen-apotheke24.com/shop/pekana/akutur-spag-peka-tropfen-100ml/
02738632;8.25;https://www.loewen-apotheke24.com/shop/pekana/apulo-spag-peka-mischung-125ml/
03796229;11.71;https://www.loewen-apotheke24.com/shop/pekana/areutid-spag-peka-n-tropfen-50ml/
03796235;18.14;https://www.loewen-apotheke24.com/shop/pekana/areutid-spag-peka-n-tropfen-100ml/
06621559;11.71;https://www.loewen-apotheke24.com/shop/pekana/aspas-spag-peka-tropfen-50ml/
06621565;18.14;https://www.loewen-apotheke24.com/shop/pekana/aspas-spag-peka-tropfen-100ml/
04969413;18.14;https://www.loewen-apotheke24.com/shop/pekana/asto-spag-peka-tropfen-100ml/
04969399;11.71;https://www.loewen-apotheke24.com/shop/pekana/asto-spag-peka-tropfen-50ml/
04969554;11.71;https://www.loewen-apotheke24.com/shop/pekana/astru-spag-peka-tropfen-50ml/
04969815;18.14;https://www.loewen-apotheke24.com/shop/pekana/astru-spag-peka-tropfen-100ml/
03796241;8.25;https://www.loewen-apotheke24.com/shop/pekana/atusa-spag-peka-mischung-125ml/
03796264;11.71;https://www.loewen-apotheke24.com/shop/pekana/atustro-spag-peka-tropfen-50ml/
04969896;18.14;https://www.loewen-apotheke24.com/shop/pekana/glureg-spag-peka-tropfen-100ml/
02090697;18.14;https://www.loewen-apotheke24.com/shop/pekana/habifac-spag-peka-n-tropfen-100ml/
02089263;11.71;https://www.loewen-apotheke24.com/shop/pekana/habifac-spag-peka-n-tropfen-50ml/
11611729;8.96;https://www.loewen-apotheke24.com/shop/pekana/habifac-spag-peka-n-globuli-10g/
02695495;7.93;https://www.loewen-apotheke24.com/shop/pekana/haerusal-spag-peka-salbe-35g/
03161732;6.37;https://www.loewen-apotheke24.com/shop/pekana/haerusalal-spag-peka-zapfchen-10st/
06052624;11.71;https://www.loewen-apotheke24.com/shop/pekana/haetro-spag-peka-tropfen-50ml/
06052647;18.14;https://www.loewen-apotheke24.com/shop/pekana/haetro-spag-peka-tropfen-100ml/
03796198;18.14;https://www.loewen-apotheke24.com/shop/pekana/hechocur-spag-peka-n-tropfen-100ml/
03796181;9.82;https://www.loewen-apotheke24.com/shop/pekana/hechocur-spag-peka-n-tropfen-50ml/
06052653;8.25;https://www.loewen-apotheke24.com/shop/pekana/infragil-spag-peka-n-tropfen-30ml/
06052676;11.71;https://www.loewen-apotheke24.com/shop/pekana/infragil-spag-peka-n-tropfen-50ml/
06052682;18.14;https://www.loewen-apotheke24.com/shop/pekana/infragil-spag-peka-n-tropfen-100ml/
11218989;8.96;https://www.loewen-apotheke24.com/shop/pekana/infragil-spag-peka-n-globuli-10g/
03796347;11.71;https://www.loewen-apotheke24.com/shop/pekana/itires-spag-peka-n-tropfen-50ml/
03796353;18.14;https://www.loewen-apotheke24.com/shop/pekana/itires-spag-peka-n-tropfen-100ml/
02695503;7.93;https://www.loewen-apotheke24.com/shop/pekana/itiresal-spag-peka-salbe-35g/
03796318;8.26;https://www.loewen-apotheke24.com/shop/pekana/juve-cal-spag-peka-nr-mischung-150ml/
09213476;7.93;https://www.loewen-apotheke24.com/shop/pekana/kelan-spag-peka-salbe-35g/
11560216;8.96;https://www.loewen-apotheke24.com/shop/pekana/atustro-spag-peka-globuli-10g/
01989214;11.71;https://www.loewen-apotheke24.com/shop/pekana/bolymex-spag-peka-tropfen-50ml/
01989266;18.14;https://www.loewen-apotheke24.com/shop/pekana/bolymex-spag-peka-tropfen-100ml/
03796270;8.25;https://www.loewen-apotheke24.com/shop/pekana/bropert-spag-peka-mischung-125ml/
03821625;11.71;https://www.loewen-apotheke24.com/shop/pekana/cangust-spag-peka-n-50ml/
03821631;18.14;https://www.loewen-apotheke24.com/shop/pekana/cangust-spag-peka-n-100ml/
04263191;18.14;https://www.loewen-apotheke24.com/shop/pekana/canoma-spag-peka-100ml/
04263216;11.71;https://www.loewen-apotheke24.com/shop/pekana/canoma-spag-peka-50ml/
04535620;11.71;https://www.loewen-apotheke24.com/shop/pekana/clauparest-spag-peka-n-50ml/
04535637;18.14;https://www.loewen-apotheke24.com/shop/pekana/clauparest-spag-peka-n-100ml/
02953129;18.14;https://www.loewen-apotheke24.com/shop/pekana/co-calm-spag-peka-n-100ml/
02952957;11.71;https://www.loewen-apotheke24.com/shop/pekana/co-calm-spag-peka-n-50ml/
03821683;11.71;https://www.loewen-apotheke24.com/shop/pekana/co-hypert-spag-peka-50ml/
03821708;18.14;https://www.loewen-apotheke24.com/shop/pekana/co-hypert-spag-peka-100ml/
03821720;18.14;https://www.loewen-apotheke24.com/shop/pekana/co-hypot-spag-peka-100ml/
03821714;11.71;https://www.loewen-apotheke24.com/shop/pekana/co-hypot-spag-peka-50ml/
03821766;11.71;https://www.loewen-apotheke24.com/shop/pekana/cri-regen-spag-peka-50ml/
03821772;18.14;https://www.loewen-apotheke24.com/shop/pekana/cri-regen-spag-peka-100ml/
06052713;6.79;https://www.loewen-apotheke24.com/shop/pekana/cution-spag-peka-lotion-60g/
06052699;7.93;https://www.loewen-apotheke24.com/shop/pekana/cutral-spag-peka-salbe-35g/
06052707;11.13;https://www.loewen-apotheke24.com/shop/pekana/cutral-spag-peka-salbe-100g/
02953299;11.71;https://www.loewen-apotheke24.com/shop/pekana/cutro-spag-peka-tropfen-50ml/
02953307;18.14;https://www.loewen-apotheke24.com/shop/pekana/cutro-spag-peka-tropfen-100ml/
02953247;18.14;https://www.loewen-apotheke24.com/shop/pekana/dalektro-nr-tropfen-100ml/
02953135;11.71;https://www.loewen-apotheke24.com/shop/pekana/dalektro-nr-tropfen-50ml/
02953253;11.71;https://www.loewen-apotheke24.com/shop/pekana/deas-spag-peka-n-tropfen-50ml/
02953276;18.14;https://www.loewen-apotheke24.com/shop/pekana/deas-spag-peka-n-tropfen-100ml/
02089240;11.71;https://www.loewen-apotheke24.com/shop/pekana/defaeton-spag-peka-n-tropfen-50ml/
02291071;6.27;https://www.loewen-apotheke24.com/shop/pekana/difoss-spag-peka-n-globuli-10g/
04263222;11.71;https://www.loewen-apotheke24.com/shop/pekana/entregin-spag-peka-tropfen-50ml/
06052736;11.71;https://www.loewen-apotheke24.com/shop/pekana/fedon-spag-peka-n-tropfen-50ml/
03821884;11.71;https://www.loewen-apotheke24.com/shop/pekana/fepyr-spag-peka-tropfen-50ml/
03796293;11.71;https://www.loewen-apotheke24.com/shop/pekana/gletar-spag-peka-n-tropfen-50ml/
04969850;11.71;https://www.loewen-apotheke24.com/shop/pekana/gletar-spag-peka-n-tropfen-100ml-2/
03796301;18.14;https://www.loewen-apotheke24.com/shop/pekana/gletar-spag-peka-n-tropfen-100ml/
06052742;18.14;https://www.loewen-apotheke24.com/shop/pekana/fedon-spag-peka-n-tropfen-100ml/
06052759;7.93;https://www.loewen-apotheke24.com/shop/pekana/flamyar-spag-peka-n-salbe-35g/
06052765;11.13;https://www.loewen-apotheke24.com/shop/pekana/flamyar-spag-peka-n-salbe-100g/
04263185;11.71;https://www.loewen-apotheke24.com/shop/pekana/klife-spag-peka-tropfen-50ml/
07528603;11.71;https://www.loewen-apotheke24.com/shop/pekana/mucan-spag-peka-tropfen-50ml/
07528626;18.14;https://www.loewen-apotheke24.com/shop/pekana/mucan-spag-peka-tropfen-100ml/
04263179;18.14;https://www.loewen-apotheke24.com/shop/pekana/klife-spag-peka-tropfen-100ml/
02723145;7.93;https://www.loewen-apotheke24.com/shop/pekana/laevul-spag-peka-n-salbe-35g/
03796330;11.13;https://www.loewen-apotheke24.com/shop/pekana/mundipur-spag-peka-n-mischung-150ml/
01953038;8.26;https://www.loewen-apotheke24.com/shop/pekana/neureg-spag-peka-mischung-150ml/
10557229;10.02;https://www.loewen-apotheke24.com/shop/pekana/opsonat-spag-peka-mischung-60ml/
03889273;16.45;https://www.loewen-apotheke24.com/shop/pekana/opsonat-spag-peka-mischung-150ml/
03822079;11.71;https://www.loewen-apotheke24.com/shop/pekana/oss-regen-spag-peka-tropfen-50ml/
03822085;18.14;https://www.loewen-apotheke24.com/shop/pekana/oss-regen-spag-peka-tropfen-100ml/
09931579;8.34;https://www.loewen-apotheke24.com/shop/pekana/otidolo-spag-peka-tropfen-10ml/
02090817;11.71;https://www.loewen-apotheke24.com/shop/pekana/plevent-spag-peka-n-tropfen-50ml/
02090823;18.14;https://www.loewen-apotheke24.com/shop/pekana/plevent-spag-peka-n-tropfen-100ml/
02738678;18.14;https://www.loewen-apotheke24.com/shop/pekana/proal-spag-peka-n-tropfen-100ml/
03822139;18.14;https://www.loewen-apotheke24.com/shop/pekana/proscenat-spag-peka-tropfen-100ml/
02767131;18.14;https://www.loewen-apotheke24.com/shop/pekana/p-sta-spag-peka-tropfen-100ml/
02767102;11.71;https://www.loewen-apotheke24.com/shop/pekana/p-sta-spag-peka-tropfen-50ml/
03822122;11.71;https://www.loewen-apotheke24.com/shop/pekana/proscenat-spag-peka-tropfen-50ml/
02738655;11.71;https://www.loewen-apotheke24.com/shop/pekana/proal-spag-peka-n-tropfen-50ml/
02738649;8.25;https://www.loewen-apotheke24.com/shop/pekana/proal-spag-peka-n-tropfen-30ml/
11584866;8.96;https://www.loewen-apotheke24.com/shop/pekana/proal-spag-peka-n-globuli-10g/
09213482;11.71;https://www.loewen-apotheke24.com/shop/pekana/radinex-spag-peka-tropfen-50ml/
02672407;11.71;https://www.loewen-apotheke24.com/shop/pekana/relix-spag-peka-tropfen-50ml/
02093833;11.71;https://www.loewen-apotheke24.com/shop/pekana/ricura-spag-peka-n-tropfen-50ml/
02672436;11.71;https://www.loewen-apotheke24.com/shop/pekana/secelo-spag-peka-tropfen-50ml/
04970296;11.71;https://www.loewen-apotheke24.com/shop/pekana/se-onsil-spag-peka-tropfen-50ml/
03822228;11.71;https://www.loewen-apotheke24.com/shop/pekana/somcupin-spag-peka-n-tropfen-50ml/
03822234;18.14;https://www.loewen-apotheke24.com/shop/pekana/somcupin-spag-peka-n-tropfen-100ml/
04970600;18.14;https://www.loewen-apotheke24.com/shop/pekana/speciol-spag-peka-tropfen-100ml/
04970304;18.14;https://www.loewen-apotheke24.com/shop/pekana/se-onsil-spag-peka-tropfen-100ml/
02672442;18.14;https://www.loewen-apotheke24.com/shop/pekana/secelo-spag-peka-tropfen-100ml/
02095737;18.14;https://www.loewen-apotheke24.com/shop/pekana/ricura-spag-peka-n-tropfen-100ml/
02672413;18.14;https://www.loewen-apotheke24.com/shop/pekana/relix-spag-peka-tropfen-100ml/
09213499;18.14;https://www.loewen-apotheke24.com/shop/pekana/radinex-spag-peka-tropfen-100ml/
02096300;8.25;https://www.loewen-apotheke24.com/shop/pekana/ricura-spag-peka-n-tropfen-30ml/
11560222;8.96;https://www.loewen-apotheke24.com/shop/pekana/ricura-spag-peka-n-globuli-10g/
04970238;8.25;https://www.loewen-apotheke24.com/shop/pekana/se-onsil-spag-peka-tropfen-30ml/
04970327;11.71;https://www.loewen-apotheke24.com/shop/pekana/speciol-spag-peka-tropfen-50ml/
02738684;8.25;https://www.loewen-apotheke24.com/shop/pekana/to-ex-spag-peka-n-tropfen-30ml/
02738690;11.71;https://www.loewen-apotheke24.com/shop/pekana/to-ex-spag-peka-n-tropfen-50ml/
02767148;11.71;https://www.loewen-apotheke24.com/shop/pekana/trieno-spag-peka-tropfen-50ml/
03822317;11.71;https://www.loewen-apotheke24.com/shop/pekana/upelva-spag-peka-n-tropfen-50ml/
03822369;11.71;https://www.loewen-apotheke24.com/shop/pekana/verintex-spag-peka-50ml/
02767160;11.71;https://www.loewen-apotheke24.com/shop/pekana/vestabil-spag-peka-50ml/
03796376;11.71;https://www.loewen-apotheke24.com/shop/pekana/vulpur-spag-peka-n-50ml/
02723180;11.87;https://www.loewen-apotheke24.com/shop/pekana/zelloran-spag-peka-salbe-100g/
02768550;18.14;https://www.loewen-apotheke24.com/shop/pekana/vestabil-spag-peka-tropfen-100ml/
03822375;11.41;https://www.loewen-apotheke24.com/shop/pekana/verintex-spag-ver-ex-n-kombipackung/
13861465;5.85;https://www.loewen-apotheke24.com/shop/pekana/ver-ex-aeusserlich-tropfen-20ml/
02767154;18.14;https://www.loewen-apotheke24.com/shop/pekana/trieno-spag-peka-tropfen-100ml/
02738796;18.14;https://www.loewen-apotheke24.com/shop/pekana/to-ex-spag-peka-nglobuli-10g/
11560239;8.96;https://www.loewen-apotheke24.com/shop/pekana/to-ex-spag-peka-n-globuli-10g/
09931645;8.96;https://www.loewen-apotheke24.com/shop/pekana/pekana-komplex-nr-15-globuli-10g/
09931639;8.96;https://www.loewen-apotheke24.com/shop/pekana/pekana-komplex-nr-16-globuli-10g/
07537619;8.96;https://www.loewen-apotheke24.com/shop/pekana/pekana-komplex-nr-44-globuli-10g/
07537631;8.96;https://www.loewen-apotheke24.com/shop/pekana/pekana-komplex-nr-53-globuli-10g/
09931622;8.96;https://www.loewen-apotheke24.com/shop/pekana/pekana-komplex-nr-66-globuli-10g/
07537660;8.96;https://www.loewen-apotheke24.com/shop/pekana/pekana-komplex-nr-70-globuli-10g/
07537677;8.96;https://www.loewen-apotheke24.com/shop/pekana/pekana-komplex-nr-71-globuli-10g/
01005100;17.37;https://www.loewen-apotheke24.com/shop/pekana/delima-kapseln-60-st/
01150256;10.65;https://www.loewen-apotheke24.com/shop/pekana/delima-feminin-zaepfchen-10-st/
07537588;8.96;https://www.loewen-apotheke24.com/shop/pekana/pekana-komplex-nr-06-globuli-10g/